A+,B+,C+,AB+,AC+,BC+,ABC+,A-,B-,C-,AB-,AC-,BC-,ABC-
1,1,1,0,0,0,0,1,1,2,0,0,0,0
1,1,1,0,0,0,0,1,2,2,0,0,0,0
1,1,1,0,0,0,0,2,2,2,0,0,0,0
1,1,1,0,0,0,0,2,2,3,0,0,0,0
1,1,1,0,0,0,0,3,2,3,0,0,0,0
1,1,1,0,0,0,0,3,3,3,0,0,0,0
2,1,1,0,0,0,0,3,3,3,0,0,0,0
2,1,1,0,0,0,0,3,4,3,0,0,0,0
2,1,1,0,0,0,0,3,4,4,0,0,0,0
2,1,1,0,0,0,0,3,4,5,0,0,0,0
2,1,1,0,0,0,0,3,5,5,0,0,0,0
2,2,1,0,0,0,0,3,5,5,0,0,0,0
3,2,1,0,0,0,0,3,5,5,0,0,0,0
3,3,1,0,0,0,0,3,5,5,0,0,0,0
3,4,1,0,0,0,0,3,5,5,0,0,0,0
3,4,1,0,0,0,0,3,6,5,0,0,0,0
4,4,1,0,0,0,0,3,6,5,0,0,0,0
4,4,1,0,0,0,0,3,6,6,0,0,0,0
5,4,1,0,0,0,0,3,6,6,0,0,0,0
5,4,1,0,0,0,0,4,6,6,0,0,0,0
5,4,1,0,0,0,0,5,6,6,0,0,0,0
5,4,2,0,0,0,0,5,6,6,0,0,0,0
5,4,2,0,0,0,0,5,6,7,0,0,0,0
5,4,2,0,0,0,0,6,6,7,0,0,0,0
5,4,2,0,0,0,0,6,6,8,0,0,0,0
5,4,2,0,0,0,0,6,7,8,0,0,0,0
5,4,2,0,0,0,0,7,7,8,0,0,0,0
6,4,2,0,0,0,0,7,7,8,0,0,0,0
6,4,2,0,0,0,0,7,7,9,0,0,0,0
6,4,2,0,0,0,0,6,8,9,0,1,0,0
6,4,3,0,0,0,0,6,8,9,0,1,0,0
6,4,3,0,0,0,0,6,8,10,0,1,0,0
7,4,3,0,0,0,0,6,8,10,0,1,0,0
7,4,4,0,0,0,0,6,8,10,0,1,0,0
8,4,4,0,0,0,0,6,8,10,0,1,0,0
8,3,4,2,0,0,0,6,8,10,0,1,0,0
8,3,4,2,0,0,0,6,9,10,0,1,0,0
8,3,4,2,0,0,0,6,9,11,0,1,0,0
8,4,4,2,0,0,0,6,9,11,0,1,0,0
8,4,4,2,0,0,0,6,9,12,0,1,0,0
8,4,4,2,0,0,0,6,9,13,0,1,0,0
8,4,4,2,0,0,0,6,9,14,0,1,0,0
8,4,4,2,0,0,0,6,9,15,0,1,0,0
8,4,4,2,0,0,0,7,9,15,0,1,0,0
8,5,4,2,0,0,0,7,9,15,0,1,0,0
8,5,4,3,0,0,0,7,9,15,0,1,0,0
8,6,4,3,0,0,0,7,9,15,0,1,0,0
8,6,4,3,0,0,0,8,9,15,0,1,0,0
8,6,4,3,0,0,0,9,9,15,0,1,0,0
8,6,4,3,0,0,0,10,9,15,0,1,0,0
8,6,5,3,0,0,0,10,9,15,0,1,0,0
8,5,5,4,0,0,0,10,10,15,0,1,0,0
8,5,5,4,0,0,0,11,10,15,0,1,0,0
8,5,5,4,0,0,0,11,10,16,0,1,0,0
8,5,5,4,0,0,0,11,11,16,0,1,0,0
8,5,5,4,0,0,0,11,11,17,0,1,0,0
9,5,5,4,0,0,0,10,11,17,0,2,0,0
9,6,5,4,0,0,0,10,11,17,0,2,0,0
9,6,5,4,0,0,0,11,11,17,0,2,0,0
9,6,5,4,0,0,0,11,11,18,0,2,0,0
9,7,5,4,0,0,0,11,11,18,0,2,0,0
9,7,5,4,0,0,0,11,11,19,0,2,0,0
10,7,5,4,0,0,0,11,11,19,0,2,0,0
11,7,5,4,0,0,0,11,11,19,0,2,0,0
11,7,5,4,0,0,0,12,11,19,0,2,0,0
11,7,5,4,0,0,0,12,12,19,0,2,0,0
11,7,5,4,0,0,0,12,13,19,0,2,0,0
11,8,5,4,0,0,0,12,13,19,0,2,0,0
11,9,5,4,0,0,0,12,13,19,0,2,0,0
11,9,5,4,0,0,0,12,14,19,0,2,0,0
12,9,5,4,0,0,0,12,13,19,0,2,1,0
12,9,5,4,0,0,0,12,14,19,0,2,1,0
12,9,5,4,0,0,0,12,14,20,0,2,1,0
13,9,5,4,0,0,0,12,14,20,0,2,1,0
13,8,6,5,0,0,0,12,14,20,0,2,1,0
14,8,5,5,0,1,0,12,14,20,0,2,1,0
14,8,5,6,0,1,0,12,14,20,0,2,1,0
15,8,5,6,0,1,0,12,14,20,0,2,1,0
16,8,5,6,0,1,0,12,14,20,0,2,1,0
16,9,5,6,0,1,0,12,14,20,0,2,1,0
16,9,5,6,0,1,0,12,14,21,0,2,1,0
16,9,5,6,0,1,0,12,14,22,0,2,1,0
17,9,5,6,0,1,0,12,14,22,0,1,1,1
18,9,5,6,0,1,0,12,13,22,0,1,2,1
19,9,5,6,0,1,0,12,13,22,0,1,2,1
19,9,5,6,0,1,0,13,13,22,0,1,2,1
20,9,5,6,0,1,0,13,13,22,0,1,2,1
20,9,5,6,0,1,0,13,14,22,0,1,2,1
20,9,5,6,0,1,0,14,14,22,0,1,2,1
20,9,5,6,0,1,0,14,14,23,0,1,2,1
20,9,5,6,0,1,0,14,15,23,0,1,2,1
20,10,5,6,0,1,0,14,15,23,0,1,2,1
19,10,4,7,1,1,0,14,15,24,0,1,2,1
19,11,4,7,1,1,0,14,15,24,0,1,2,1
19,11,4,7,1,1,0,14,16,24,0,1,2,1
20,11,4,7,1,1,0,14,16,24,0,1,2,1
20,11,4,7,1,1,0,14,16,25,0,1,2,1
20,11,4,7,1,1,0,15,16,25,0,1,2,1
20,11,4,7,1,1,0,15,16,26,0,1,2,1
20,11,4,7,1,1,0,16,16,26,0,1,2,1
20,11,4,7,1,1,0,16,17,26,0,1,2,1
20,11,4,7,1,1,0,16,17,27,0,1,2,1
20,11,4,7,1,1,0,16,17,28,0,1,2,1
20,11,4,7,1,1,0,17,17,28,0,1,2,1
20,11,5,7,1,1,0,17,17,28,0,1,2,1
20,11,5,7,1,1,0,17,17,29,0,1,2,1
20,11,5,7,1,1,0,17,17,30,0,1,2,1
20,11,5,7,1,1,0,17,17,31,0,1,2,1
21,11,5,7,1,1,0,17,17,31,0,1,2,1
21,12,5,7,1,1,0,17,17,31,0,1,2,1
21,12,5,7,1,1,0,17,17,32,0,1,2,1
21,12,5,7,1,1,0,17,17,33,0,1,2,1
21,12,5,7,1,1,0,17,18,33,0,1,2,1
21,12,5,7,1,1,0,17,19,33,0,1,2,1
21,12,5,7,1,1,0,17,19,34,0,1,2,1
21,12,5,7,1,1,0,17,19,34,0,1,3,1
20,12,5,7,2,1,0,17,19,35,0,1,3,1
20,13,5,7,2,1,0,17,19,35,0,1,3,1
21,13,5,7,2,1,0,17,19,35,0,1,3,1
21,13,5,7,2,1,0,18,19,35,0,1,3,1
21,13,5,7,2,1,0,18,19,36,0,1,3,1
21,13,5,7,2,1,0,19,19,36,0,1,3,1
21,14,4,7,3,1,0,19,19,36,0,1,3,1
20,14,4,7,4,1,0,19,20,36,0,1,3,1
20,13,4,7,4,2,0,18,19,37,0,2,4,1
20,13,5,7,4,2,0,17,19,37,1,2,4,1
20,13,6,7,4,2,0,17,19,37,1,2,4,1
20,13,7,7,4,2,0,17,19,37,1,2,4,1
20,13,7,7,4,2,0,17,19,38,1,2,4,1
21,13,7,7,4,2,0,17,19,38,1,2,4,1
20,13,7,7,5,2,0,16,19,39,2,2,3,2
20,13,7,7,5,2,0,16,19,40,2,2,3,2
21,13,7,7,5,2,0,16,19,40,2,2,3,2
21,13,7,7,5,2,0,16,19,41,2,2,3,2
21,13,7,7,5,2,0,16,20,41,2,2,3,2
21,13,6,7,6,3,0,15,20,41,3,2,3,2
21,13,6,7,6,3,0,15,20,42,3,2,3,2
21,14,6,7,5,3,1,15,20,42,3,2,3,2
22,14,6,7,5,3,1,15,20,42,3,2,3,2
23,14,6,7,5,3,1,15,20,42,3,2,3,2
23,14,6,7,5,3,1,16,20,42,3,2,3,2
22,14,6,8,5,3,1,17,19,42,4,2,3,2
22,14,6,9,5,3,1,17,18,42,4,2,4,2
21,14,6,9,4,3,3,18,18,42,4,2,4,2
21,14,6,9,4,3,3,18,19,42,4,2,4,2
20,14,6,9,5,3,3,18,19,42,3,2,5,3
20,14,6,9,4,3,4,19,19,42,3,2,5,3
20,14,6,9,4,3,4,20,19,42,3,2,5,3
20,14,6,9,4,3,4,20,19,42,3,3,5,3
20,14,7,9,4,3,4,20,19,42,3,3,5,3
19,15,7,9,5,3,4,19,19,42,4,3,5,3
19,15,7,9,5,3,4,19,19,43,4,3,5,3
19,15,8,9,5,3,4,19,18,43,5,2,4,5
18,15,8,10,5,3,4,20,18,43,5,2,4,5
18,15,9,10,5,3,4,20,18,43,5,2,4,5
18,16,9,10,5,3,4,20,18,43,5,2,4,5
19,16,9,10,5,3,4,20,18,43,5,2,4,5
19,17,9,10,5,3,4,20,18,43,5,2,4,5
19,17,9,10,5,3,4,20,19,43,5,2,4,5
19,17,9,10,5,3,4,21,19,43,5,2,4,5
19,17,9,10,5,3,4,22,19,43,5,2,4,5
20,17,9,10,5,3,4,22,19,43,5,2,4,5
20,18,9,10,5,3,4,22,19,43,5,2,4,5
19,18,9,10,6,3,4,22,18,44,5,2,5,5
19,18,9,10,6,3,4,22,19,44,5,2,5,5
19,18,9,10,6,3,4,22,19,45,5,2,5,5
18,18,9,11,6,3,4,22,20,45,5,2,5,5
18,17,9,12,6,3,4,22,20,46,5,2,5,5
18,17,9,12,6,3,4,22,21,46,5,2,5,5
18,17,9,12,6,3,4,22,21,47,5,2,5,5
18,17,9,12,6,3,4,22,21,48,5,2,5,5
18,17,9,12,6,3,4,22,21,49,5,2,4,6
18,17,9,12,6,3,4,22,21,50,5,2,4,6
18,17,9,12,6,3,4,22,22,50,5,2,4,6
18,16,9,13,6,2,5,22,22,51,5,2,4,6
18,16,9,13,6,2,5,21,23,51,6,2,4,6
18,16,9,13,6,2,5,21,23,52,6,2,4,6
18,17,9,13,6,2,5,21,23,52,6,2,4,6
16,17,9,14,7,2,5,21,24,52,6,2,3,7
16,17,9,14,7,2,5,21,23,53,7,2,3,7
15,15,9,15,8,3,5,22,22,53,7,2,4,7
15,15,9,15,8,3,5,22,22,54,7,2,4,7
15,15,9,15,8,3,5,22,22,55,7,2,4,7
15,15,9,15,8,3,5,23,22,55,7,2,4,7
14,14,9,16,8,4,6,23,22,55,7,2,4,7
14,14,9,16,8,4,6,24,22,55,7,2,4,7
14,14,9,16,8,4,6,24,22,56,7,2,4,7
14,13,9,16,8,5,6,24,22,57,7,2,4,7
13,13,8,14,6,6,11,23,22,58,8,2,4,7
13,14,8,14,6,6,11,23,21,58,8,2,5,7
13,14,8,14,6,6,11,23,22,58,8,2,5,7
13,14,8,14,6,6,11,23,22,58,9,2,5,7
13,13,8,15,6,6,11,23,23,58,9,2,5,7
12,13,8,14,7,6,12,23,24,58,9,2,5,7
12,11,8,15,7,6,13,22,24,57,10,4,4,8
12,10,8,15,7,7,13,22,25,57,10,4,4,8
12,9,8,16,7,6,14,22,25,58,10,4,4,8
12,9,8,16,7,6,14,22,26,58,10,4,4,8
12,9,8,16,7,6,14,22,27,58,10,4,4,8
13,9,8,16,7,6,14,22,27,58,10,4,4,8
13,9,8,16,7,6,14,22,27,59,10,4,4,8
13,10,8,16,7,6,14,22,27,59,10,4,4,8
13,11,8,16,7,6,14,22,27,59,10,4,4,8
13,11,8,16,7,6,14,22,27,60,10,4,4,8
13,11,8,16,7,6,14,22,28,60,10,4,4,8
13,10,7,17,7,7,14,22,28,61,10,4,4,8
12,10,6,17,7,7,16,22,28,62,10,4,4,8
12,11,5,16,7,6,19,22,27,62,10,4,5,8
12,11,5,16,8,5,20,22,27,61,9,5,5,9
11,11,6,16,9,5,20,21,27,61,10,5,5,9
10,11,6,17,9,5,20,21,27,62,10,3,4,12
9,10,7,18,9,5,21,21,27,62,10,3,4,12
8,10,7,18,10,5,21,20,27,62,11,4,4,12
8,10,7,18,10,5,21,20,27,63,11,4,4,12
8,10,7,18,10,5,21,21,27,63,11,4,4,12
8,10,7,18,9,5,22,21,27,64,11,4,4,12
8,10,8,18,9,5,22,21,27,64,11,4,4,12
8,10,8,18,9,5,22,21,28,64,11,4,4,12
8,10,9,18,9,5,22,21,28,64,11,4,4,12
9,10,9,18,8,5,23,21,28,64,11,4,4,12
9,10,9,18,8,5,23,22,28,64,10,4,4,13
8,10,9,19,8,4,24,22,29,64,10,4,4,13
7,10,9,18,8,4,26,23,29,64,10,4,4,13
7,10,7,18,10,4,26,24,29,64,10,4,4,13
7,10,7,18,10,4,26,24,30,62,10,5,5,13
7,10,7,18,10,4,26,25,30,62,10,5,4,14
7,10,7,18,10,4,26,24,31,62,10,6,4,14
6,10,7,18,11,4,26,24,32,61,10,7,4,14
6,10,7,18,11,4,26,24,33,61,9,7,4,15
5,9,7,18,12,4,27,24,33,62,9,7,4,15
5,9,7,18,12,4,27,24,33,63,9,7,4,15
5,9,7,18,11,4,28,24,33,64,9,7,4,15
5,9,7,18,11,4,28,24,34,63,9,8,4,15
5,9,7,18,11,4,28,24,34,64,9,8,4,15
5,9,7,18,11,4,28,24,34,65,9,8,4,15
5,9,7,17,11,4,29,23,34,66,10,8,4,15
5,9,7,17,11,4,29,23,34,67,10,8,4,15
5,9,8,17,11,4,29,23,34,67,10,8,4,15
5,9,8,17,11,4,29,23,34,68,10,8,4,15
5,9,9,17,11,4,29,23,34,68,10,8,4,15
5,9,9,17,11,4,29,23,34,69,10,8,4,15
5,9,9,17,11,4,29,24,34,69,9,8,4,16
5,8,9,18,11,4,29,25,34,69,9,8,4,16
5,7,9,19,9,3,33,24,33,69,10,9,3,17
5,7,9,18,9,3,34,24,33,70,10,8,3,18
5,6,9,19,9,1,36,25,33,70,10,7,3,19
5,6,9,18,8,1,38,24,34,70,11,6,3,20
4,6,9,19,7,1,39,24,35,70,11,5,3,21
4,6,9,18,5,1,42,24,35,71,11,5,3,21
4,6,9,18,5,1,42,24,36,71,11,5,3,21
4,6,9,17,5,1,43,24,35,72,12,5,3,21
4,6,9,16,5,1,44,24,35,73,12,5,3,21
4,6,8,16,4,2,45,23,35,74,13,5,3,21
4,6,8,16,4,2,45,23,35,74,14,5,3,21
3,6,8,17,4,2,45,23,36,74,14,5,2,22
3,6,8,17,4,2,45,23,37,74,14,5,2,22
3,6,8,16,4,2,46,23,36,73,15,6,3,22
3,7,8,16,4,2,46,23,36,73,15,6,3,22
4,7,8,16,4,2,46,23,36,73,15,6,3,22
4,7,8,16,4,2,46,24,36,73,15,5,3,23
4,6,7,16,4,3,47,23,34,74,16,6,3,24
4,6,7,14,3,3,50,23,35,74,15,6,2,26
4,6,7,14,3,3,51,22,35,74,16,6,2,26
4,6,7,14,3,3,51,21,35,74,18,6,2,26
4,6,7,14,3,3,51,21,36,74,18,6,2,26
4,7,7,14,3,3,51,20,36,73,19,6,3,26
4,7,7,14,3,3,51,20,36,74,19,6,3,26
5,6,7,15,3,3,51,20,36,74,18,6,3,27
5,6,7,15,3,3,51,20,37,74,18,6,3,27
5,6,7,15,3,3,51,20,38,74,18,6,3,27
5,6,7,15,3,3,51,20,38,75,18,6,3,27
5,6,7,15,3,3,51,20,38,76,18,6,3,27
5,6,7,15,3,3,51,20,39,76,18,6,2,28
5,5,7,16,3,3,51,20,39,77,18,6,2,28
5,5,7,16,3,3,51,20,39,78,18,5,2,29
5,5,7,16,3,3,51,20,39,78,19,5,2,29
5,5,7,16,3,3,51,21,39,78,19,5,2,29
5,5,7,16,3,3,51,20,38,79,21,5,2,29
5,5,7,16,3,3,51,21,38,79,21,5,2,29
5,5,7,16,3,3,51,21,38,80,21,5,2,29
5,6,6,15,3,4,52,21,38,80,21,5,2,29
5,6,6,15,3,4,52,21,37,80,22,5,3,29
5,6,6,15,3,4,52,21,38,80,22,5,3,29
5,6,6,14,3,3,54,22,37,80,22,5,4,29
4,4,5,16,4,4,54,21,37,78,23,7,5,29
4,3,5,17,4,4,54,21,37,79,22,7,5,30
4,3,5,17,4,4,54,21,37,80,21,7,5,31
4,3,5,17,4,4,54,22,37,80,21,7,5,31
4,3,5,17,4,4,54,21,37,81,22,7,5,31
4,3,5,17,4,4,54,21,38,81,22,7,5,31
4,2,5,18,3,5,55,18,38,81,25,6,5,32
4,2,5,18,3,5,55,18,39,80,25,6,6,32
4,2,6,18,3,5,55,18,39,80,25,6,6,32
4,2,6,18,3,5,55,19,39,80,25,6,6,32
4,1,6,18,3,6,55,19,40,80,25,6,6,32
4,1,5,18,4,6,55,20,40,80,25,6,6,32
4,1,5,18,4,6,55,20,41,80,25,5,6,33
4,1,5,18,4,6,55,20,41,80,25,5,7,33
4,1,5,18,4,6,55,20,41,81,25,5,7,33
4,1,6,18,4,6,55,20,41,81,25,5,7,33
3,1,6,19,3,6,56,19,42,81,25,6,7,33
3,2,6,19,3,6,56,19,42,81,25,6,7,33
3,2,6,19,3,5,57,19,43,81,24,6,7,34
3,2,6,19,3,5,57,19,43,81,24,7,6,35
3,2,5,19,4,5,57,19,44,79,23,8,7,36
4,2,5,18,4,5,58,19,43,79,23,8,8,36
4,2,5,18,4,5,58,20,43,79,23,8,8,36
4,2,5,18,4,5,58,20,43,80,23,8,8,36
4,2,5,18,4,5,58,20,43,81,23,8,8,36
4,2,5,18,3,5,59,21,43,81,23,8,8,36
5,2,5,18,3,5,59,21,42,81,24,8,8,36
5,2,5,18,3,5,59,21,42,82,24,8,8,36
5,3,5,18,3,5,59,20,42,82,23,8,8,38
5,3,5,18,3,5,59,21,42,82,23,8,8,38
5,2,5,19,3,5,59,22,42,82,23,8,8,38
5,2,5,19,3,5,59,22,42,83,23,8,8,38
4,2,5,20,3,5,59,23,42,83,23,8,8,38
4,3,5,20,3,5,59,23,42,82,23,8,9,38
4,3,5,20,3,5,59,24,42,82,22,7,9,40
4,3,5,20,3,5,59,24,42,83,22,7,9,40
4,3,5,20,3,4,60,24,42,83,23,7,9,40
4,2,5,20,3,4,61,23,43,83,24,7,9,40
4,2,5,20,3,4,61,24,43,83,24,7,9,40
4,2,5,20,3,4,61,25,42,83,24,6,9,42
4,2,5,20,3,4,61,25,43,83,24,6,9,42
4,2,5,20,3,4,61,25,43,84,24,6,9,42
4,2,5,20,3,4,61,26,43,84,24,6,9,42
4,2,5,19,3,4,62,26,43,85,24,6,9,42
4,2,5,19,3,4,62,27,43,85,24,6,9,42
4,2,5,19,3,4,62,26,44,85,25,6,9,42
4,2,5,19,3,4,62,26,44,85,25,7,9,42
4,2,5,19,3,4,62,26,45,85,25,6,9,43
4,2,5,18,3,4,63,26,44,85,26,6,10,43
4,2,5,18,3,4,63,27,44,85,26,6,10,43
4,2,5,18,3,4,63,28,44,85,26,6,10,43
4,2,5,18,3,4,63,29,44,85,26,6,10,43
4,2,6,18,3,4,63,29,44,85,26,6,10,43
4,2,6,18,3,4,63,29,45,85,26,6,10,43
4,2,5,18,4,4,63,29,45,86,26,6,10,43
4,2,5,18,4,4,63,29,45,86,25,7,10,44
4,2,5,18,4,3,64,29,45,87,25,7,10,44
4,2,5,18,4,3,64,29,46,87,25,7,10,44
3,2,4,19,5,3,64,30,46,87,25,7,9,45
3,2,4,18,5,3,65,31,45,86,26,7,10,45
3,2,4,18,5,3,65,30,45,86,28,7,10,45
3,2,4,18,5,3,65,30,45,87,28,7,10,45
3,2,4,18,5,3,65,30,45,88,28,7,10,45
3,2,4,18,5,3,65,30,45,89,28,7,10,45
3,2,4,18,5,3,65,30,45,90,28,7,10,45
3,2,4,18,5,3,65,29,45,91,27,8,10,46
3,2,4,18,5,3,65,29,45,92,27,8,10,46
3,2,4,18,5,3,65,30,45,92,27,8,9,47
3,2,4,18,5,3,65,30,44,92,28,8,10,47
3,2,4,18,5,3,65,30,44,93,28,8,10,47
3,2,4,18,5,3,65,30,45,93,28,8,10,47
3,2,4,18,5,3,65,30,45,93,29,8,10,47
3,2,4,18,5,3,65,30,45,94,29,8,10,47
3,2,4,18,5,3,65,30,45,95,29,8,9,48
3,2,4,18,5,3,65,30,45,96,29,8,9,48
3,2,4,18,5,3,65,31,45,96,29,8,9,48
3,2,4,18,5,3,65,31,46,96,29,8,9,48
3,2,4,18,5,3,65,31,46,97,29,8,9,48
3,2,4,17,5,3,66,31,45,97,30,8,10,48
3,2,4,17,5,3,66,32,45,97,30,7,10,49
3,2,4,17,5,3,66,32,45,98,30,7,10,49
3,2,3,17,5,4,66,32,44,99,31,7,10,49
3,2,3,17,5,4,66,32,44,100,31,7,10,49
3,2,3,17,5,4,66,33,44,100,31,7,10,49
3,2,3,17,5,4,66,32,45,100,32,7,10,49
3,2,3,17,5,4,66,32,45,101,32,7,10,49
3,2,3,16,4,4,68,30,45,102,34,7,10,49
3,2,3,16,4,4,68,29,44,103,36,7,10,49
3,2,3,16,4,4,68,29,44,104,36,7,10,49
3,2,3,16,4,4,68,29,44,105,36,7,10,49
3,2,3,16,4,4,68,29,44,106,36,7,10,49
3,2,3,16,4,4,68,29,45,106,36,7,10,49
3,2,3,16,4,4,68,30,45,106,36,7,10,49
3,2,3,16,4,4,68,31,44,106,37,7,10,49
3,2,2,16,4,5,68,31,45,106,37,7,10,49
3,2,2,16,4,5,68,31,45,107,37,7,10,49
3,2,2,16,4,5,68,32,45,107,37,6,10,50
3,2,2,16,4,5,68,32,45,108,37,6,10,50
3,2,2,16,4,5,68,32,46,108,36,6,10,51
3,2,2,16,3,4,70,32,46,109,36,6,10,51
3,2,2,16,3,4,70,32,47,109,36,6,10,51
3,2,2,16,3,4,70,33,47,109,36,6,10,51
3,2,2,16,3,4,70,33,47,109,36,6,11,51
3,2,2,16,3,4,70,34,47,109,36,6,11,51
3,2,2,16,3,4,70,34,48,109,36,6,11,51
3,2,2,16,3,4,70,34,48,110,36,6,11,51
3,2,2,16,2,4,71,34,48,111,36,6,11,51
3,2,2,16,2,3,72,34,49,111,34,6,11,53
3,2,1,16,3,3,72,30,47,112,38,7,11,54
3,2,1,16,3,3,72,30,48,112,38,7,11,54
3,2,1,16,3,3,72,31,48,112,36,7,11,56
3,2,1,16,3,3,72,32,48,112,36,7,11,56
2,2,1,17,3,3,72,33,48,112,36,7,11,56
2,2,1,17,3,3,72,34,48,112,36,7,11,56
2,2,1,17,3,3,72,35,48,112,36,7,11,56
1,2,1,17,3,2,74,35,47,112,37,8,11,56
1,2,1,17,3,2,74,36,47,112,37,7,11,57
1,2,1,17,3,2,74,36,46,111,38,7,10,60
1,2,1,17,3,2,74,36,47,111,38,7,10,60
1,2,1,17,3,2,74,37,46,111,39,7,10,60
1,2,1,16,3,2,75,37,47,111,39,7,10,60
1,2,1,16,3,2,75,37,46,109,38,6,14,62
1,2,1,16,3,2,75,38,46,109,38,6,14,62
1,2,1,16,3,2,75,38,46,110,38,5,14,63
1,2,1,16,3,2,75,38,47,110,38,5,14,63
1,2,1,16,3,2,75,38,48,110,38,5,14,63
1,2,1,16,3,2,75,38,48,110,39,5,12,65
1,2,1,16,3,2,75,37,48,111,40,5,12,65
1,2,1,15,3,2,76,35,49,111,40,7,11,66
1,2,1,15,3,2,76,35,49,112,40,7,11,66
1,2,1,15,3,2,76,35,47,113,42,7,11,66
1,2,1,15,3,2,76,35,47,114,42,7,10,67
1,2,1,15,3,2,76,35,47,115,42,7,10,67
1,2,1,15,3,2,76,35,47,116,42,7,10,67
1,2,1,15,3,2,76,35,47,116,42,6,11,68
1,2,1,15,3,2,76,36,47,115,42,7,11,68
1,2,1,15,3,2,76,37,46,115,43,7,11,68
1,2,1,15,3,2,76,37,47,114,43,8,11,68
1,2,1,15,3,2,76,37,47,115,43,8,11,68
1,3,1,15,3,2,76,37,47,115,43,8,11,68
1,3,1,15,3,2,76,37,47,116,43,7,11,69
1,3,1,15,3,2,76,38,47,116,43,7,11,69
1,3,1,15,3,2,76,38,47,116,44,7,11,69
1,3,1,15,3,2,76,39,47,116,44,7,11,69
1,3,1,15,3,2,76,39,48,116,44,7,11,69
1,3,1,15,3,2,76,40,48,116,44,7,11,69
1,3,1,15,3,2,76,40,48,117,44,7,11,69
1,3,1,15,3,2,76,40,49,117,44,7,11,69
1,3,1,15,3,2,76,41,49,117,44,7,11,69
1,3,1,15,3,2,76,41,50,116,44,8,11,69
1,3,1,15,3,2,76,42,49,115,45,9,11,69
1,3,1,15,3,2,76,41,49,116,46,9,11,69
1,3,1,15,3,2,76,41,49,117,46,9,11,69
1,3,1,15,3,2,76,41,49,118,46,9,11,69
1,3,1,15,3,2,76,41,49,119,46,9,11,69
1,3,1,15,3,2,76,41,49,120,46,9,11,69
1,3,1,15,3,2,76,41,50,120,46,9,11,69
1,3,1,15,3,2,76,41,51,120,46,9,11,69
1,3,1,15,3,2,76,41,51,120,46,9,11,70
1,3,1,15,3,2,76,41,52,120,46,9,10,71
1,3,1,15,3,2,76,41,52,121,46,9,10,71
1,3,1,15,3,2,76,42,52,121,46,9,10,71
1,3,1,15,3,2,76,42,53,121,46,9,10,71
1,3,1,15,3,2,76,42,54,121,46,9,10,71
1,3,1,15,3,2,76,42,55,121,45,9,10,72
1,3,1,15,3,2,76,42,56,121,45,9,10,72
1,3,1,15,3,2,76,43,56,121,45,9,10,72
1,3,1,15,3,2,76,43,56,122,45,9,10,72
1,3,1,15,3,2,76,43,57,122,45,9,10,72
1,3,1,14,3,2,77,44,57,122,45,9,10,72
1,3,1,14,3,2,77,44,57,123,44,9,10,73
1,3,1,13,3,2,78,45,57,123,43,9,10,74
1,3,1,13,3,2,78,46,56,123,44,9,10,74
1,3,1,13,3,2,78,46,57,123,43,9,10,75
1,3,1,13,3,2,78,46,56,123,44,9,10,76
1,3,1,13,3,2,78,45,57,123,45,8,10,77
1,3,1,13,2,2,79,45,58,123,45,8,10,77
1,3,1,13,2,2,79,45,58,124,45,8,10,77
0,3,1,14,2,2,79,45,57,124,46,7,11,78
0,3,1,14,2,2,79,45,57,125,46,7,11,78
0,3,1,14,2,2,79,46,57,125,46,7,11,78
0,3,1,14,2,2,79,47,57,125,45,7,11,79
0,3,1,14,2,2,79,47,56,126,46,7,11,79
0,3,1,14,2,2,79,47,56,127,46,7,11,79
0,3,1,14,2,2,79,48,56,127,45,7,11,80
0,3,1,14,2,2,79,48,56,128,45,7,11,80
0,3,1,14,2,2,79,48,57,128,45,7,11,80
0,3,1,13,2,2,80,49,57,128,45,7,11,80
0,3,1,13,2,2,80,49,57,129,45,7,11,80
0,3,1,13,2,2,80,49,57,128,46,8,11,80
0,3,1,13,2,2,80,49,57,129,46,8,11,80
0,3,1,13,2,2,80,48,57,130,46,9,11,80
0,3,1,13,2,2,80,48,57,131,45,9,10,82
0,3,1,13,2,2,80,48,58,131,45,9,10,82
0,3,1,13,2,2,80,48,58,132,45,9,10,82
0,3,1,13,2,2,80,48,58,133,45,9,10,82
0,3,1,12,2,2,81,47,57,131,45,10,12,84
0,3,1,12,2,2,81,46,58,131,46,10,12,84
0,3,1,12,2,2,81,46,59,131,46,10,12,84
0,3,1,12,2,2,81,47,59,131,46,10,12,84
0,3,1,12,2,2,81,46,60,130,47,10,13,84
0,3,1,12,2,2,81,46,60,131,47,10,13,84
0,3,1,12,2,2,81,46,60,132,47,10,13,84
0,3,1,12,2,2,81,46,60,133,47,10,13,84
0,3,1,12,2,2,81,46,60,134,46,10,13,85
0,3,1,12,2,2,81,46,59,133,47,12,13,85
0,2,1,13,2,2,81,47,59,133,47,12,13,85
0,2,1,13,2,2,81,47,60,133,47,12,13,85
0,2,1,13,2,2,81,47,60,134,47,12,12,86
0,2,1,13,2,2,81,47,60,135,47,12,12,86
0,1,1,14,2,2,81,47,59,136,48,12,11,87
0,1,1,14,2,2,81,47,59,137,48,12,11,87
0,1,1,14,2,2,81,48,59,137,47,12,11,88
0,1,1,14,2,2,81,48,60,137,47,12,11,88
0,1,1,14,2,2,81,48,60,137,48,12,11,88
0,1,1,14,2,2,81,48,61,137,48,12,11,88
0,1,1,14,2,2,81,49,60,137,49,12,11,88
